i,ciphertext_hex,elapsed_us
0,0x29b58f2685f772127c39ec01cf72a3d5f7749649f03ff864d367c3f68f08af47ffdb450ba6afe4b1b0c199522e23f705e7fef130dd252d68eebf872c283e971d4cb717eed55335823b3e7283f813cc613ff6a286c26d0dc7aa7f7bc04e3c8d9de4e56f9cf51efc0aad58c781f9e6a146b58f04713f2eaf50177a07e52130e5ef,18910.85
1,0xcf2848869bfbf14baf72936581d1407d755f9f81e65371a5bf74757403e09d8d6f73b2fb8a21d3c1725a4f3afd1ae987adb61c252c5031126228bc61ef5e672ac981811534710b5c0126bbc8906dad61989cc9c5fb1015466b1bec3d0a8af697de024d8ac1aed3d997c7f831b22cdc9ffcdd8cce32582d077b9700c125eee5bd,24719.18
2,0xc3018355067ba317eb22ebb3270e9a9e870a4d4a22ad4d0eccb09516c6e672769b4d221049f6166fa6ef4b5b437b15f8ffc72048b36356960ad372902573325063f0db530f399ed4af3951e69bcaa415c5a3bcc916fd0526377003c5567add2574f5d56cd18a1bc0c46366eabb516c90630b8ca407fa906fa136d6a289fe43fe,19162.31
3,0xb7976f481431ce0d6c4f9911a91dbcc4d2cd4378958a40d72f9f9c6ef786c3c2b810778a801ceccf4d84d2d4154b63b9f1b4c7544ceedaa40f386b75c0a7c5c6434d19bf9af5807487ec97d1a872f10a8c6bcf12b1aba9cf618a366aa7ef34438fb92b1a97a3ee0b4d875d93c508d363b6709f900c3c33e2c19c4cf5ba88cce9,23632.01
4,0xb5c029ebbe2a978d22cc0b61cb0ee5d61efad680ad8a2e5caaa4cdab0fb30304781407f33d6b9659037e68596d72895d18750ceb77888f08fc8b1dc12903addb2e6bf0743a6cb44b02f2764fb3ec1ce1da5aea21dbbc62f4a1f84ef0c06625392af1c24fafefd3bab6170ca0c940f9eefc41e6a53fc8c58b6042c87872b585f3,19385.78
5,0x4a8d1effe46176f83397c00749c8a8ad30905ece7da854335bfc9e7b7535273d5234d65872dab2803ff8cbc496704c81086716362faf59654756c9e8ac410d763182b2c6b8ca6bde18509349fd14d6b334de962729bca4019d089d006ba8aeeecacd7489f168c2e5e61c93489ab1bc633f4d2bf2d95eb03ca4bbcf634f9a4eeb,16712.92
6,0x9e3468287775c0b7722321d46282a2225e61de06669d335816a2615b964fa1eba28f13fde53decadf81450ca5120f236110f3021a74d783b3c449847487ad7a249250a2de66c0da57af2a42f7c030b5413c9541305184f00c69abd57c8211e9c5c7e760084844912d1e3e8a83cd153b7ffe7095a9a549280997e463910348e5a,16421.96
7,0x86aa0475aa1d05ac23522081b4f6fc1450feecfab8bef316b813c766ad7a7a4b352f606f2ad7bafe645bfa10872716eca70b554dd16a96131911fc2fe2a5fcebf69f09830cd760721a0e666cac3086db99052ca2640f2851efcb1a79d40d979bb3f0aabd6c72fe0fa83fe33a49130fb60ea2ea0abfed0456120375124eb0f797,17390.53
8,0xba021e6e561f00e551edcff85775e169cfb603fb8e84da0aecca38e39df1d89a3e7dbe970f55ef68ce916802603193f0513e43f2ab6104d44142cd7746bdb6e448fb79199f3b509a5482de8d9a90ee90ad30b0d12847fc6f8d38dd45e391c861f26da85c453675a6f009a644a3854b9a9b0f7333368ae7bafc2c645b3e1eab1d,16328.33
9,0x9cb83f5e6bba02fd5862cc04dfbed6b48d587237eca819e93f9463d7f3459980348b8bde2d67129b216bf90c9b3f1225230a640cfbd25cf624e7d0abf525852dfcdf8a75b498e318d5ff15d21c4474e5d91784a553dfdf3d37dd48eca37f6553162857bcfae0460bac7f7165d7a4d4927fae5c7f0f033b1b630337a3c65e78f5,16228.68
10,0x92a4f8dec7ba2478636a9d236bb6f1ced8b20eaec5945ab1e7763fa36f8bd781da4e488c33fbece8fd8a587f25eb50c0b07d9ccfee28317a912a9a6ae8ee0a8eb9ea4497b20dda6c453333266ad0fe857cbd91f5c36820faed641366422a38d2c3b812732a6ac89827723a4e6ffe32a1df9932b43eb894768d03f88b742ef27a,15894.51
11,0x1524a9b46e39dc491e591de3ec612058ea18fb711c72a00d60d302269542be53556017d9667a55a1465edcf6dd82f9ea7a0e329e1c8a5b3c21bf0457dd989526565a4c913a311d4c39dab06a409017d621745e37a2bad4f9413c2b7612761cc8227f3c6d77b5ec93a0d40d0cddeb0ebac2c7b673a9c996e3093e4d20fb8ec644,16130.42
12,0x71170f245341d1dd01c7a715ca0a31fa71e2220f6c3595e691e0556ddb24f9074fa3481e661c2c4be07057a2c619f804b93d28c9704b4bac060b3f6544ee5215f530a7f4f06aeffb17a3a855e031dbeb6b9e99afa88db44c3290f906878b3cbb5a8261eeaed2210da29f173d1b02c372b3e91fac0855a301c9c5eff6467093ae,15917.6
13,0x4091fdc74af4dc7a26a23b64fab36d02fc086e4f5f86de17584878aa65fb62522b716d5b2aaf5fa50f33dea8d6c587aaf6cc1b9a0e9aeebfa08a01a8fed91856ed1227729b1db95898a8264d402a5c1a73c3a93fcad2a7802b663f4a72311753d2f97e1fef455707ceff0494e6d20a2c3da86e094dfec3c87fc4906adaad9848,15860.48
14,0xaa4b62ced35e21e50eef9227ac4ad030878ddbe614206bfe72d2fe606b8d0336165eee38b034f419ce349e2ccd44eb96a622fefec9f912d7b95f900089321d068b2545f8ff2a9d0fcc4e4f113e80aa02ac6e05a5e2ff9a142d838c9e824a79f442db0ea738261157c6e8103bff178ea437b47a64bca5e6ed4523134274b74b70,16388.62
15,0xab5f950757f91a60bc6db6c6a2977e8b0c543a044357084339877dd9c5b1a9370f9f2fd93f19ab02fae57886a229066408b7ff6f8fed7a75fbc1ec41b1d4c22faace2e1b7a2ad03f30e3cf5285ff8837197f16213890b6bbdd1c7ca0caf970d53305e864a028787226b97a21ba59da4969f917aac92bbd2cc94ae769d954f7ad,16066.58
16,0x1a28dfdb55f9c9e3535817cb521d5cfffa6b0ee7516a6d8fe2285e1b9270b783cbe58d616e5bfbe9fd454be8b37e5e8e57cd734fdb6f3c51056cae895cbccf25247ebc583c4befab414c6ff983280d62176c3f9db5283a447e8f59248d77944eb6b4872d529e6665ac12e47a0c74e92190edad3ecc926388018768f7afa52ce8,16155.87
17,0x2007cc01d1ab673c3c2e1df1d240d4ed077d8fe745faeccbb04bab83fdac2f65026550d3e3da63b0a63bb13f664c7600ac037e565ac44af67962591565b38aad058ded48a4f786ef7c5187d673bfd3ac755ba25ca72600a8abdeeb4e143c1235fbcbaa22ff72958d9d62a63fe529b11f396b6d938a8ed6f73a12597cad7577b5,16205.5
18,0xa41a194049805da41492cda6d1668d85ac747ceea3af7c6ce6e6793410218c0b656e52ca7679f3d401c79fdf09fd773102cd3e9755cddf3efbf56cdd9474dbfb1edb777869a3fe0c82bf6eb74b72aa70b78a58fff1b8aea330b20929a3cd853e751a4abf1cb39444106bd24a9f52ad2be1659026bd08f61840b172bb4f5b026d,16878.38
19,0x2cc853279b280179e7c5416a95d3417c1a4b374c1ad11b1f1c60549e0ee46c55c592de36bac140bc57655d08977200720909b11135a3e7166b15b93622e66e728f7a1357b5e39f4c14dda3d1dd69719081e790b8cffc3baacc41c7dc6ddc656bde0a238d8bed129a750d074703fc8b859b546ecc9cdc0948d596570551c542e8,16395.13
20,0xcddaf25557357de226e0ad0f5095956dfc946eba336d437efe1440c5f17068a40d05ba76c49134df2627492ef1c4c25b9bac15a767f1bcce517756dd77ed7bec2b15ef6ac405896907a23cb7c2446fbe4b3f9b259084fee804502ef6c1f6c8761d70a452939a6475462fc8894a9dea063c96b027a9b773ed80f614007d92632e,16898.5
21,0x89174c289a12b0de4a574f16d1d7402ce2f3bf52b9536a7aadeddf241a694873459cea7e11b844d4baf770e4661adb251f246f7ffb4fb0bf42c3046aca487d8b3d1ab5ab81f1df785e1eb124001c176ff851c744d261e93bf2ff87ed1c8d5eb185c94dc7d406404d3957d516e335972a73e0ea1a918df6010dfaa85c56c005de,17037.91
22,0x85ad66cde8654a1f0086bb2292971bbd60fc140aa6aef34a8d1b20d3fb11c50cc859f30d153736bec16b2209ce849352d1a642e22cfaf8a1a85cb5e4b6bdaeff01055d8341b26c4dc6ad2c1ce986a2176bdce54b5903787c544c363d3960712d8a7f9cd2f6eac095aa1020b3e390eba6340d8e8b7cf4d0cc655df7f01397c96e,16550.52
23,0xba623c4473bb01c42258354039b5a04b266ccff7ae12333632119beb40a98dd7aac16526edcb1d4442195a885fd2d9637ecc7e0b6d16eb3fd22247cce32ba908f354788326ed0d6ab5e6b22d08dfdd693ea765521c23c7de25c4fed652cfbb6d8e3da0af757463f2e9c7891db9f48a6bd098067715675eb9bc7723748a88eadf,16934.22
24,0x6ed7d4451b55583c9aa79c8410abbd78f6c909e23d66990f1e38da329b39e6a5362481c5082532c771aefc93f40566cb8f6dc509006f736494cf65127828fcf3f67f2734c532037ec9ec5fe3481be3201d16aa5c4dfe29a471428de40107af69ab6aedeff9febcdbfa9b0f19e6f23e619bce10d581e68eb72eae399960c4cf40,15776.51
25,0x6f770543ef50926a76119e0c87a369fc41057fdaa8a2c497d0b5570924075d0420d4e4490ab664bd3470f200db12c127d2565e38215f708c372b5c0e9b762f4bbded374609b66d486144742a3fd99330b0c0e9554c9cdb871ff2efd9210f05b83064906eb531b54c9bf98525d8012bdded9c6e486c384dd6c43be8cc6b4f004d,16900.57
26,0x8e550d89f85d38e5210a498dbde985e6085d36b2c8546f0da8e2061138e8e0d28a8076e747bb7ebffda0962ee579b80e901c8e5735444fa749d9b4d8cb13a7f88c2f134078226bb8bdff0fe3a0c7b4f388708d24f6a67956ebd90b36c80ec7d74d6a3ec8e41b5a289a0221d759490c50303d2d24c5e7b9b6cb987a3dd8c9fd82,16323.1
27,0x2aa688ef0c726e75da9408bd04d24c76695849add33ee4704e02d6840afcd7f463df42e88f3e3f633b3df44c42ed7405a5677119902360a840222cead41487b1a4052926cede527cc44eed0cb8e06825705abec39126a73f8667eb7e4fb79053a454025fe00a6fc3f3912d83104f210d3d948529bd8f7240bc1f479ba3992a32,16064.41
28,0x66e95c6c2dbd1bd1aa446d65088b79f78bb548514a7603650498f5c344d9d078a23ae37f868aed0a764cbb4b4f8d93f2b9fec271675fc0b9ef588fd5a942b6090e15c7a451235a0a94a266386c19b35a5c46e573df84437326b37dff4d32fdea792dac3a58aef40128c7ef7e4abf91d00ece4f8d30dd3c1b25a5bf30eef7d346,16587.42
29,0xc86f112534c833f39472f36830c5ef0c44b63e5e517b7784cf0d0fd1242d82c51af32845c301a8130b2cfed2e70cfc2bdc8ca063839541ca376baa0a6eb5f7b097179a4b209bde47b4df614f4f3d7f542320b2fe96f06e263afa9561f606c22bbe9cdceccc902248e0687dd3ee1b6b4f97d20f36d9141fcdc8503df2ccef7aaa,21028.51
30,0x183f2db694da60f92cb75ac1ddab3832d552e5f5ca319e06742ef7dd0c125562732e72dd44cd808c6c5f57f00d0eaa80eb9009941ab938307a5f3ac820056227ab3eab76297a7e156e604068ba106b6fd8d00ede6f815bd5fe46ad6a701dfbb629771b635f607ee05e8afd3963bc0af4d3b653d6073bf805881e31b3aa60af19,16176.1
31,0x13a9cadab53f5bbd285d09581d3f5fb4ff39163ae6d89ed82af9505fe4b8546150f4458db184cd8b101a8d9605e7c31734afad9a91c7bbe176065c9d4798aac576fef36585def0ee87b252155ee8bfd4899c75248dc9a361fbd02158d2f2337e37efef14c2a25f55f2ed825f32afcaaf1da6622ce7415c266752a864277aba09,16622.64
32,0xa7fe1e0ea36612d5a9d341b198e704c0744aa5f60f6eb25efae69c066b04c84740ef3d200ce18be04331ede16a5306eb58e91f849c4ca5cf7d96dae471e4f96d631f2adee18e64480a81b9da4852437ca43954cea1bafc06b49d7de98732e464086006f2bc3f44f22638e93ae5160b4781730bda661bc6c364081427b04d7723,17221.03
33,0xa434f7f5b3d4f6e9315637d82454ba5459416304bd00ffd82ee34f327d625350f408de1af25e136b33dad9e2bc34398e5372fed7bf5f134650b398832a63620c847f77d531e94cafc3264f94fa1314d727b2c72cb0cccc657b607a8331af4fcdeed8172f4861f5b865b1386c44136cc9acc95aed53e7deabcb34e78335dc3718,18583.95
34,0x81271359814dbf0a9691ba4c47530f823e17e8853f944d194a36c4c9fe0485333b672a17e1c803606360ec031f9231ea45564ea3135cfb50adba580e5970580ba1ddf7ca0e82f861926706e9a9301adeba893ca36afc0abe48885b8b35921c6443dd774988c70f870d93d4ed7e02dac734c7dba6f1c328241320688e98e16c7b,18480.75
35,0xbd11725b03cce31afb849678432f7edd1f92c5563172b55427f6c6f3e0538fe9afdd9594ccf7afd5573d4033379f245d02dc12ba3244242c335191a098c672b8c353454d2d5d45e9a191fd55c5b6b102c8d6abb65f9a4de571e5a4d32057bad178038d9428676a04d9beb6a0baad428861a8bac6271298614153339d9731250,17896.87
36,0x6b1883552a8961141786b8161720847136e4c8c12f6bd9b9fd020692779aeb391888266de2d6ce8b17881ff5932579de31ce470c610853b39b0b9e49f48e518d2cdcb5b1f324d8201c79183210d22e4289f3a28087afddba3262a3b5e2db9a6e2d7282f83c169e5ed2407b5d799abdfaca28cc5210005f1ec471322b50bc4f64,16198.1
37,0x5e93d0b2a01b24824c6e22a7b526565e72ae2b20670b5ed5381c3328d65d57e7f00ec54234701b1e656eff987171333abb69b22662d07ac8dc4a21eeb34da90b08ce541004c5497591dbf75389fccc16b10c40c8dfc2d7540fede53a8240ee03817ba9319c590ae444a4b75f2b4e65e7e3b648551054d3fed53b9d8ac0c88d92,16532.17
38,0x6b3d551e7822440eebabc80e5cbaaf3bc094588ca4d578daf6a2b5d296153ff298744d44fad7be9bbf859baa8743b1ae8cec44edb7d8e7cead0077d2b1b7fc2a17790d497d197d9ca44e91b11e246a06dd68fc37909edede5b65dd5d5010303a3a94b143c43b9ec5df642da5de698756064b1619bcdd5b8bbccde7b629437ae8,16635.27
39,0x1b54d8a8259cf9a61155c15409a4c166239ef5fc9535f499174f238229e6fab76982463e2062ecc98239744d90137db48820c97b28c69b214a5ee1ecd9bd5cabe8101a10f73ecf61d144c75b33acd6929d896f1e8f48a0340c96c45c6b575cebe6d7028fb4594bcb015081d442f4b43d09e25a9226b4628003115e75325b0ff3,17390.24
40,0x1688aff60b6191cfc1cc2c5d414d19a3d224a4910d263c75878c56a15da56ba9ce640ae3fd84c625b079cad0fb951de1b3c06c401fc54e520d2d32af5db0a97d65be55f8cff36f4c7a64b9ac8c689ee520be444fd42209d7b50e8b17e688edf51069cce15c6943e2d93f5eb517e4f08acd89a446f2ce25a293263aaabeb19c73,16675.03
41,0x861e70f8a9a14fefcf3d83ce543ddcb19e2b3b5d66e3fdc23b6958abc0a719964e6c37a365f94b5ee8f8a8a25e7e9d6a346ae5d346e42bfcbded1a378d3cfff8b9ee0e6de456270b84917092279932e15cd4145a26e312c5249fc0f0ded0372a74bf95e69747e4c5fcb6393f261205365022132b73bf13e9461426719b32b591,16519.64
42,0x7e5bd876aaeb5069610f4b71c5a6427917ceeb5a0ff9a5fea1defec6a5408d57f4fa9b11a0923c1d02a6df7cd1ffa1c3d4a50e06a67dadbfc32c92548a307d09336d0f5d11de168534f54e954916cc4fceafb474dceaf8c5bd22d49f6234bc5d0b7b3b7fabbe1a9d865bb960e55dea0ae0bb2282b96eafeb33f3f2398205b8e1,16326.75
43,0xa08bb57177ed5458f11298c97026f52bd64551f2696d22dd0243fb48abd92d937b2a12e406869cf31695b8755d7eb36e460b373177a3fa0ccc20df3685c9349450a3aba11c38d425ad03d234cc47753e25423e2ea71bd4ee4d3356bf24e7276a4ab7259f4d466633ed994e1187e70e528c88696337659e9f3f21497464b0051b,16012.12
44,0xbea6f5ad5d625c49c803c07b274baa7b89284674763975ac51061e78f88e245358e04048dc01eed97e6d0647334c3e15fd30b8d265b8ce226cc09525827362f73ada817d169a5a98eb34ac9b85e0f23a3325213210153e0f028efae360bbcfb01c56bea33a14c97da2d7fcf0a18634851552d93c2ff107930ffc8bbbc99bf80e,15918.09
45,0x31836c4af537a1c95c5b22cfb10ddfb02fdd0d0258e1defe20d6a9627b0178fa2c8797bd6b214a2e98631727d421a02810ad42be4a36d40e562b3056b5493bf482864b10c4d374024b6421268b1d27e016cf4d3a16eca639c130a1d90a6025a2bea16ebc445e0d0fb49f39d68996664a5fa06b889c32e2d1a488d5fdea7c5878,15866.99
46,0x45820e13959a28ebafa1a55df4cac07e7a223d144ff8dc0ff974d98e7bc7e0e7700b5866fe6197f338fe10cad5b813e745aed7e18f092252cf5debea1ecca522b26e55e2edab2383d0e920c135d0f675bc2d7d407d0d1afd724dac54c153ec3e54aad68ffe5618d3d7b53d2ca68ec973498b88607cd8c943b4b15d446abc427,15777.3
47,0x9d7e2cbe17c909944a602ccb5bf2b950d8ff94a7cc14f1cb49ebfd1c7a2deff503f87b5289433e16b094f6362bae6ec63c8a0345c776af5e129e496efa14a823f0379b3b5524bca24c9d7b670e5bb662e7f293704fcc01badf727d0196de1722a24e778de72693c8f23f1af545933c865ec5007dd166d92631e224ccc73d2c65,15888.69
48,0x134ae37897ffda24086f0a5a45125193c2518b0dc6b330bcff8556da00911f15f0ed13e7c67aa40cbf80637c72184213fc564791255cbefa3197a2f270d7b14477833e9b3fe9b0f09e25018567dc071556f39a579b772f506eb5109ea9f677ee6dda9a18f664c6f5dd001e0a924f3b0158fabae2d0179540f5d600b8ee49bda1,15941.97
49,0xb060d2d1e90887ed8c47c76189b9bad2d275c7f286276ee9bee87b7c2fea8c19dad690b582de808b5ac80007626fb6be570ac35a5055a6b964738f4fb37b49b06c73c15f5b25b09caf2de60ac88c97f63b6376c197c5569f608e650fdfd968ad9d7f6f5b337c9d5eb7934cbb7e0d4b568477b3bfc8e9a238dfdc7e448b447068,17161.73
50,0x2a9ec8ecf7f9ea02363aa2a18e961fb26a7672861e3799afe50a51a4576cbfde0d8487a9f1099ca425e3f30c33063b64e8ee482a59c09ba8213d8f49d09f8e61a405f51c19c730fd08feb3e1dd4a7e444e945303a903e2cf2fe0826fb917d248a56558c1e0a28d83321d93ba1dc41c7ad96b20176f7bf6c75b1befc8c25e088,16268.64
51,0xa27c94264c31654ca77cbd8f52deddbc65f3fa0978def59040be2fa1fe60d6142b3b2fff32f3c635ffe8b3817ee343f8252e48f4176c4056a44772e43f6b3046f2b265db1e49dca90a32e7472d96eac63cf245597113c9b092a015b884741624d4d8d3dee0628e9d40455c2b90d9252515eb75f0f834d31114123571b38b10f9,16994.99
52,0xaaf60785e40520e98e8e0a7ed5d3c7db9cf7fae11a6b4d109a867d759dfefcf9fb25f728f28ba4f40f35a8e40bca99cadedcaf04aac60433243756ff0408792f66fcf117ccef5de985dd78e0ab16303fcf8a429ca96c689551aa72928de3d580d00d6612ac33e7367219d4f4cc0b0ad62ec497a4e3448052a6c348df42a0c04c,15952.53
53,0xa65f8a91d224179a496b80306f89551c26db5a863bf0bceffe0d97b057ba9e760ae3790a959b0f726936d6a26623447fd4394aceac65926357672b6c84e0ac7a4417312aba4e22148c72961791f01b7fb08a46fc67f91de51af1bfbf816a7177533e415c92603fb4e7890a55ea12a4d888cef1ac2b6c0d1bf3bb69415d6215cf,17012.06
54,0xafefef4e385ca084cd72b7d207c0848784616f55dea97401ed8f96823ff089d5f9f91b3db0f385a5d4d2f1fe15278b1e58b5c91c1107e68657b0f630220458dcc628d71bb5cc84794e2ae3cd637e06d7c81c16defc3d573ce2e0e7aa1420a1b6d7129aad89591a2f81029ddb16fb07df8c9aa5ddea6577138e1b46fc998e12fb,16720.81
55,0x6328705d7c4befbb431af5732bb84b93dbed3fb4579169e85f60ae109ee06c8877061a622722b5d8baf006b1b4587446047894c93ebec8d517d9b9145047547c3424177595dcb25e1683fdca426d415360441c300794dde1c868a05cf8865dc8d7c0d549e276cab79d58cebfc10f5bfb63a93097663cf75cc8a714334da41e57,16834.96
56,0x71ef321529d839db61c35d9fa05a6cc2557d6eff4aedccccd5a7b0e2dacf44644e7298760c48d4e706d4c3da19ec97a1318c43d4d82d5250faa68bb6c58d4f1111724da1cf9fde9da608f6a753236e732bd6781f3041081820ff1e6981052a3fd6fdef0a540bc79dbe8f474ad0a1bf7cdb8fb4d65ec331b842c8502d1c4414e4,16291.24
57,0x445dcd1d186888d8e0f06c27d60266dacc98534abb42c8b34bba96df878ff3265ba9f6b164993a97b1870805f676e15f0582422a3caef2bc3abf611fdaed0784eb2696be01bcd4530231c307e6c7202136c8c72d203331f75218002866995b2d02f7655b2e3359bdbc8cf9ab82d8ef686d9d80d23cc795dc26f64d395827ec98,15783.55
58,0x7a4324e889bf8bd7ff3500769f176cb81a8a65f970c0aa77655bb002f5854f2380d90ad6ebb1ac4aea80c8555c595ed1d77ad557eff477ea800db6526a18a45a58d9d4cffb57ef40379871bb57f3c1f55b335c7d02a599554729a106ffa1c1839e085552b26f26c655760b548341ff467be98531c5a0291b77f6afdb5eb0e1d3,16837.4
59,0x9b2a4d906f50d12ddf6ecb0762711de34fe12416694eccc64f5cc34de05f2b5726c5c98f44b76d8c6157fc627efd9b2f88786d4124ef97a7ffdb3b9adc083bb7edbe0969b031e71b66e8b765b4a218d6f19523c5f86fe6fbee699f2abd21bb9f65f6da5ba9056c8af6764a7ed99ffde037aba3501f9524c5ebf6130663842269,15911.73
60,0x5a5398e9266001f8ed59606b2fc5c2600ec5da895a6034ac2a1f1e9396b9196b5fa9fe2b8604835512876cd41873e9dce31521a8b586d7f39c538ec14251491119b416c187f5f2681051948e178bac5545d80c8608f76831cab140580a9c184ce444633cd03505e393ed4ede1d257e4141b53a1b1da4d957ebe019b6554e8b8f,16043.63
61,0x376dee750c8fa6bd2bb24cb2a620013680a855006bdbb951c70cbc926a6d3f1c32b3dfa8293d7a124f17deb3543a3fd478d280c7b079c51b3458ad91f80f788f59f4bbc80cb4bf6c1c7d7afcfec1ca09d46a2185086c69a728932081a283b92a7165e8973d731913953ef0ba82321a0ce127babe8efc63330e843d2554d9ca0f,16166.82
62,0xced439bb0d43847ebe6b21f7bcce9465d680dbf46e6e071bea1d45dbddb9f0c5e40f02a29c54f78bc9437dfd4e3e263085658b69f5ed769540beae29ae57241da04b9a8566c9e1d3ab47ead30d6b01a27d3a1563403b47ec12a7879018abc6dfb6c147666076cf2b9cc73a8771fb23ea356e9c763fa9339ece48d62134300c5a,15923.3
63,0x89dbde918f7cde9fd38f5bd8af98f3dbd635e035c124bba6104fabd15b86d43a220c8807e58ab3e4d4dd0c603bd617197f2b4f6799821e7fcc943c86d849a65cc756020a05edd3b82080a6f9232b6ffa048712e9ef47685d59dfcf9506af4e9599a7824fbf9524c473a22458b175e405dcb70c64035769a2c12cd0c5bb4d0582,15848.6
64,0xd0334ec2ab6325020ad84b268847608d675ce82fa37e77d4aca7920ef65330fa1af0e8253de38c593eeeb5910f8696e1c94e00e6bfcbabd30714be79ffa8de9350b7c395178047f06ec85ce12098523640d46f7dc51d072db9d9ed133370d50cd4fc5b87b6eb029fc4ff8dbca7d249c69045d088e9d53ffe6ccefd0ae35fa483,15801.6
65,0x3b6fe71d884421ddb878211252ae8b38d3d1f7d8a51818416455b62dfb572a6d2c2ee59cd3782b9e462d9f2bea1171517a43463a50e36ebb9b752d4595c03926a180298cb1b52ac8f4defc16ae8b387f62e037f86d62d8f9d1e8c11c5569a722fa7ba44ee66b244bd845c666720f3c8355ea74e7013da31eed60367ee7f5c2e5,18223.79
66,0x4b6571b7a72dfe02e8f891b9a650eb56ebe2d8c80fd2c8368beb91425a432845a9ac296ffe01d63812d73f5ee493dcea7c179ef94882d5e2d50e4bcac00e32b8ebe23932a8dc85d868bf4189736540944d10bea7c8db71dead6ae6ac2ed0421ed56cd98f281f6f9495715cb5ea705f4f2a43f971ab555af72f35b59cc5d8cbdf,17411.61
67,0xcbaf9c8772b215263705d7d25cec10a4d11c90812b08a60a51da8926025306a73b4d20a0d17df560e1254728439c06592858c10bd9035b0ecad49e95a62634eb1882539e1a487d29bc3486ef919335b072486c463c367bb43e65332f5623db9e8790d51ceb733e62eba1f2335952fb8383cad4d2c893d807a859c07c1853901f,17172.74
68,0x4b2f57c7029a1dbebe661ad30fb30cf4dfe5022fd19d86f3e473de11550010ea4600fda24d6586f518edc958c7d9adae8c38adc7bc34159a557d39e76a4a01ebc5bb87979a2fa3975a7ef96f0ac23d7c9dc25c1b950373c0da42979a5e41ccac7d823ab9d99e5b6b113f411cd14cf9683de1ad57151d2070ce6c932bc39243cd,16656.33
69,0x24c9a732866346d1e66073b81a8490f6d7c4c3a77617431b568bd5db58ad83b35f43e51340f0e20d0995765f5c5b84e0bfe5c99bdd813bf4dd2193a85fef1e8e1ae481f965024171b43bd1cca0a22070acb13ad5a095ce0920c2e315016b63abcc5fcc0c70f8a682724ac5e2115d4e5084db9e42cabf705319a5973ef4e1ade3,16173.25
70,0x548adb3e0470b83adae8bad669868fe612bb6c7d3aa68ec2c32a1c81d840664f1ce25f02b14812f6e4b145a58735fa751b7019f50f73c9457f63befb7aa45367f1a88a19ac726248e47f9e6715a8486f8f084922d4c4dfb03add159a924e44c931de1d25f5a86fda4b6a774f698c4739ca0e184c25fc43e82e4d6e358296fdb3,16189.08
71,0x7bdf944c4c5495e582f26bb2a1c40dfc166e07f1aadac2035db30c946ae08b9be254070300751d5c51eee56f81cc508be84562184d369b48e94f6b4fde199ee888349399528d2ea1b9c4b81bbc1be89f8edb6099599a480f336f5e37718f5839fc997ed81045f498100844ca69115683012eba6f46e522beaa2857f7f693c087,15838.21
72,0x30040ae4fc5b394d1dce15a08171be982649c5ce8b1ce600f81e9b0c44ef127174e23f597620ec7797bffbb0e5cb1e5e1ae9c330964b8d00786aae5f9a41703c17c188fa9c153216fd0aaf6a76808b01eafcb7bc0ad7db4a2847fed5649fb2a93ecf44e7db4eb52ff7c20e2d9ac17973239901134e47ea87a239c7f7bc9ab713,15766.27
73,0x9cff0b3e070f7213fe3c42ef59a0133ab191174307e42e38d15f70ea5c7a08ef7a88ad11eca07dc620125dfee0d09aee592e32024dc095a49a8bde7beee851b4ec02fa2df74c9be7d6cee3d4bea00329eabfed66d93ef05f8fd3d33f5ba77b05d57836074b601310c350adde15a8acb7ef1b5d88f4bffeee1e8bc1707c94075,16016.71
74,0xa8a04f5e16021823e73cf39829b8e60db951e1bad0b8a45d7728399890ffd773ac6370b5bb8f780bc2036f30d2c3e205243a4d7514052eddb7a9980f02fb6a940828aef13e9e9a49acf2df142b7ea518489cb436ced73f5a42d736484cc1ed721b1a33df3fcebc781d75fff2152e2ec9d8f4ceba74b6c2647ca5f8e184f420f8,16132.68
75,0x99386e4aecdad5e39d68f98fa1b8aab80f9e2449d7b320ff58dae53e70bd964d1a8e4afe54780e26457bae6fa97d38c7ef6443e69be75a64c5c0b0d1e42e8df4cb1b065dc316a0005bd448059ea1cad9f36787d60e416caf5ae1c6e7314854883ccfec957f1ad88b95a1500e2ef0fed165b67c97c59dd12609b0c9f68fcb3c9b,16333.85
76,0x3b9d76e230cf90fff6dec41f8e5ee31196d539b869a7e5e2fca8b5883d5b22eca38e33a712c6ca876d87e5c6c001d838f1bb586dafa2c0694f48ed501e5135824a4ff0304cd4cdb17f7a8c63f872bb165e2388adf357cff0e805d3f2fa8817fa5eb4461e638e0afab58a04ac97039fbdbcfc1463f22d15aded1c63097e931bfd,16332.17
77,0xb1a1230e0d8eb6c0c883ce3cbf9229cd5481f90f5da3e1f0fa2e975e235b61db7461fee278a30a263528b29dd3cd39de5d69a72691bb040e7099cf1237127dc12c329b0c01d26c6c91a066311b5b41add073d0ce18c5e7539be71f230682ce6249f904d2777fd612e86db83f37e4f9fe71bfb3e7081339ee967dc570b74e2017,16864.81
78,0x8548e89926bcde694b74b87a0452422ebe0c4f1c27adf14c33ae708366c28eb439cd545330120269572b07bf9b68a12584ea4ad67a974f14894a36076073b6760215c030d8a70ab95865cff855a2ad5cee552fda3b46073cf8a60dce1e978c2d124a185565f297634ef9184b094876e7084b81fc05af010df14c147b206994ab,16097.65
79,0x7ce2bf12304f93bb0fb80ca9c3e42b294d60a948a1caf3607fe8123621bf3231bc8eee96fb6f26ee8d7b04b33b87afd3f324680018faea72ceda9899ba9d4986c4946c40d9696f103d53a1a869572326a92393d3fb12409a8193d5cec44dfc98b00174141b022c41d5854ee28c047182f4b2207547a344b4b1db6aa6333c9ad8,16987.11
80,0xb99c20bf4f6621a93eaf506e27d1e8776cc62fb289aeb906eea03dfeb1716996a8c5e52617028a26498de15c1ba39f77d33bb1ed22c61575bb3886deda832c96bbf7699fc1a32625e666ef7dd787be1cc38e9af18113aa80b6bed49cdb8091a7dac6d30f5df6c90ee26edbf8f998de1ac10541bfdb51598aec865df2a10f16d9,17112.58
81,0x626af817848077a83589b1f90ff9b1c93bfe022bae0f5c833a85908feab124241cdceed4e308a72aedddfd7bd5ceb0ce557f8f59c5e9706561659185fcb24f8a7c1984e13eb5ad3b810073f1fbee73392441ff791df2850672d4543725f3ce34dea2b73feacec2edead9a830aeb722f39f067115135b2f0e9972e05f6dc85b70,16026.71
82,0x93df7f94bbde5bcc0a6f328007faa59fcd70457f9df60484f4b6a5a0f5b61aaef35ce3eee0ab8e00439e47e1ef7564fd01845d4ea1ba37b0ed03bcc927170869b5e91ba0245955aa6dcd5aeccce8383836ab142e8f4693e25a5418a641cb173c49e792b9d936e7bca48bada06f16ec7dc50c8e975084d041121c20ebcd8b636f,16673.74
83,0xd7908ea0c889e68688ee28cec9a56a06f7d38fd1f3c3f4da16ee5a162cd6956c858a6279d4f010ca840fc794e1b24068ec1e0d5f31cd83e67b7102d860488b023e53a178590959cf4d6acb1b1d05328278c1861b9b7451e37356a0a2769106288f3706751e01c321ca56363e17937e117e62ddce8c113a9c74c109ea2cde5a0,16475.05
84,0x4514d107af37d944d6f7bc075bee46e2a82995ad52c443fb24bd315e78f16adb1d19b77b3ab1f6754adbecd8c85b03a7bf05a28077d77a19670cf882483326580e3350fc53293dfb04c8b37b63993f0295ffff16919890f0e54e77642298b68f65c6e7eebf9cec8b92a9bc1099c5cb6c4976d8c009a065b9ff984c6d5121021b,16077.07
85,0x70c8a3573e3972a2cc786f825ec6c4ccfcfabecfac3a7a8749d15448232dea6a76981c0afe492df7353143cf451eb948cbca8ac74115b5f7022d73d3d579e7fa0fc8bf9f73c0be14b2b936b54e7f2ffc70c142fd3541e3ee18944ac082c6419a19f9fb2445d5729c8978fa5d314b8d727c187a898bdc3ebb4471f4b4743ce9ba,16712.43
86,0x4c2ede3ba20bdae868a1811db17fe4e8d531b5e3c1b92bc51d7972ae8cd81992133da5a1606dd33c2c3ab3ddaba3b240aaf161000c35c6d594ce7a49f95e80915a649401d0807db4d8472310e5d25f2bc048819050411ec510b2f35c79fe6fda9ef778dd47e0cbde9dfaebf6b60d0168dccdd38b5a6334df4ca5414314af657b,16360.66
87,0xb602d19f8ee0bd18c6655aa88eab3ddbce27b3c651f0031292e485e7c488f652cf66da546e3a4e97091f30d454b8578aa0734b5a014ab7d3787abae188de20564a0b8f5032cea270341da827af0b7ac7c2c13cfdbbdbdbd67402614d03cca2948e7bc9c949a38d21b98c091814e94a1b2917db96a5577b4595a792ed34c009fc,16255.28
88,0xc03305736e047bfd0417a01e8c3085a54ed2d72ebf2d6b7d26bda04409c5f3bfdc8784cac71cc447731e9846d8b46dd5803f3391e9646976f3faa59da0873b9da750309b20af039b9a46fa0f0ca1ac0f965d170417e8a48fdb374d24b0cdaf75c3513b07ff073e94f08430879774de7fd73ef73de3cd619b3fd79ac70ed81f4f,15726.99
89,0xb29cd4a7d20f91ad838be51007edcdf050bc59ac5464c1d3a24fc7733e3be42ffe691ec4461b7b9d7694a40e5b200761cd848e72266096da503bde212d05c27e28d2181985a7f8d061ae55f39ea51e45bd85463431957fba10675a4dda663950e7bcccb6febc2d2eb9fe00dd4531d36840aa7881a1858130b83eef20b31dc83b,15917.96
90,0x17696b3290373a087333ab7bac87ca405051f0962175abf096c1a862ae603e6ca0046fafd7442661c8ad5bd591cca2bc611cbfa2b9e9ef947239a18ed67c79299efa9eb1e1a6afc49fc916db063d08483b9444a4b50321437cdab3e8eb05ed6e0e6f1b84902fa390e7efe949952e2b8cb7bcbc47d2f95d976148d3ad76bf57dc,16203.73
91,0x13ad8be32b5014f67bb35c65d02287c9f6a68df56bead29a719dd8560c27663553fe41f3c95fe1b8f68e3fd4ae4f97da4f07aef1f6cc241f5bf94a43bad13af8e67a7dfda44df7aa143d9c827f43b84bb8481146428b04fcdd5f4cc1e622f3a9605c4913fe4f3fbd739b789cce0aa230d5cc6672c3864430c30cad0165adc647,16515.72
92,0x69739745150e70d150846bb9f1d7074a8e7103436800c88b98c9a586af4dc7ada52f97b1459baabdb9a69c65900ac378a6714100ddfcccd006c52882ee0192f00cfd040b3a4392312d585209858129db52b92ebf4fcbce376d7a4a62424582dcc94f4a357ff8f8f705b370d0d70dc2682e3ac63eca443b37f24f75f7d6de735d,16041.25
93,0xb13cfe355e96dfea1f8f22817baf7f9062e900b7f5931200ffbf178e9b852956fe3b6a4b87b6e0fdc56e327c67faa05a18455fb34d463947823d6b3991e5bda724c0fa1fc704a0ce90b0fb23ca788f4ed722d66cac9dbb7fe83dcf0ad6827f0ada2d56be2ec45389e8c302bb9520b116b6690405474ab30af91d60ea13d888d6,15713.23
94,0xb78e90adb2ca8a65c8708311971368696f7a65c644e025e12d260443691024edcdeba17c085d3e3b281a8c76b75e5fa437b3b142909681fb9d39da76138c32c05db439e6807a31360286bb06230117cdaccda4245ca2e57564f8b2e6791568589fe3cb313a4b6b98e1f0b1950eb2ccb784a0136bb704c1a906bd173f4a1cdd2e,16536.6
95,0x16e9ad8a1493964cbbcb9661421c865b312fc8b58a47dc3e10d50e53e088fbbf4dc8ee8ff7bf523207d092924dd5a25ea5f51340b59f4ec43ee3fba6de077c77e99c2f45aeab2d1c17686b85f4ce1a49e9a7017b90221a545815378ac456cece28232e61cdca549035576a4b2248fc9352bec32237279452b0c6bfb86c0d438f,17913.38
96,0x53fc8d26580875f941b3ab898cfd9ead16e8a3ec29d7afeb1f0199b95125bdbb6c06fd829c2a8546b8ea37c804e4c26782fc84be54a217330a50390250197e3710958783a28bcc2bf0b73d6ffce8170da93d8927d8229a594daf28e396a6a9a4a8b6b5ef39784b6fb23af1cce1b5e6bdc73a4929f39133bfe0c23f6a251e4144,16602.2
97,0x20a02dd32f89ae1adbe5b4d6f075d457d3eaa2263304881bbec6b4f59f329fba501af4249c88c54c0b79aa9f07045402907f6ccf62436abc7622be809390560c0b53fb54fe6c46b67fa3c39af5a9ba5fba2a9c6d8d73f48bfb4b8dbf1afac0a770fec09d3f2ec961e6ab6ef047749b34753e0b7c8166a74117480a57ada66bdc,16430.42
98,0xcb8fbdbd2f2e147a977ebba84d91e7135d19377bf9188688910083767165e0becbfc89d8e26475c935c32064a5fb424bd949e08bf6e353315737b144d93aa4f5f2d8c7a3ec73a0073d7cc50ce3424c82f9ab00908f8b94c554d8ee98152d72efad6815acabf055cc8c1060214d4cb9de5350112d693db824178edea91601d692,17125.64
99,0x28d0f6dc3b0604957c1034eeecb9e713db7bf819c15848ee2d423ea5c3b436e2598b6f5f76c642416f34050344a645e19c3089188fee3660776230124d3ac913e48e32148b0318e9fae0b5203291e1559108dc7f67b7725a6f306430d6f4dc4e98369287c82d292eb5f9f74de2511bf3857680216224d0d6c17a541338bacf25,16236.18
100,0xd09b6d853762b522dad8aae7e24d3930e77a5cc7e21ad04b6bab12833f8deee76eef978a91f0e0333df431ce1c37ee1e873e720e4b3709f9dd4276d3c10f8eaa80aac765e5628b630f0fb20b3fbc512f204e4a49e84de7ac798284638505cc34d856e62cc741552977c0c6f0f10a4772a249454c9c6a2bc17cdf52977cd04bb9,16034.43
101,0x3387ce6612ff8f1fc662fd993a7268f2167a048cb621bfb3a45bbfb822ed5159ac202e2f9c8fe102b369b1b2403b0deb8ad652116a985423629e6e27d432f7ae391a7b6ab3d19e700c133a35e5fb3278a4b30872eb82da71edaf62a0341e4bdaf272c77c30b05837697e50d8dbb573096f36faefd87d7c97250caf3014e6d4bd,16465.95
102,0xbaa978241a6f705af5beabb2cfd7905eabf29ad92b93493f0bcf62b8ff3646d0627ef1e10f7f93cf1bd259aa81a24dfe8c95350abce9491f724605018a58d61d838d7002925d6f248d21e410ec276792eb25c95ef9e3594b706fd595671fdea1f0d6bece2f98fc7c10fea0c1975850e81a1b5fd9803e2ba1bf8843c3f6495938,16241.23
103,0x8e1e25bfbdc6ec6be6b8ddfa00b27495a001871d247ad7dc7b252cafc2070ecbfd3d58ca251d5af632216a00ecb093b7e0e209f5e0ff65c55f6353b28ab5925a2763854658f546eec7b2bf62c32bd54513689c29c6d867858ed50e006958bc437d3b388e33d8c88ed6ac8a8285bf54fd08623fda5024182a37d2f58c0cc9560f,16098.54
104,0x539bd5145c03ed555b84af86748e432843adfed453c6af6f784a9c86cbd4a7bc5d0616d27c29af3ec22c7ab9200b344aaa0f45a4763572b779acf756e18b600dd24f6b91501459338f861583682c09bc509a3ba48d27367c9707f337583387ae70b477df58c98936eba4e4eb68048864ece59fde883ca6410a8122fe2602c15a,16155.74
105,0xd066f91e83cabaa626bdf6c02626342f28f6ea51c810eb0cefa61160d9411422f1643f9fe504fa3afc88ee4f17321b718cd3ab164f8754ddc5d3d22e32a1a97070525aa30ae4cfa2c6404085f4ebb8089a31a7858b056012848efdd36839c1165c0702852912d4988b0685d011a0d62571346a5bcc3c89952fa17e1dfb5d0e01,16263.49
106,0x37c7b6bb8368a88926bfc3921b090beca9215ece87f64169545df3bcf05fbfb55a7fba52760645d0e6f629885b2182b445e0ac86aafee87301edf7ac0a8fbd4735d404a396ee8649df4aee7c5a9365c91c375d86cd4ba376270b9599707116497e2103575f56832f1c2254d21e19fe422c58170005f8bb4afd9cee1f96112107,15920.24
107,0x3a2c3ebf7016d13244fb102bc9d8a49916a65afe5432d1fde831d3b98f4a2d9c01a7ac1009f8809665be22f8b77b438e8c605de91e6e68647b96586a1d9fe5ff34b6415030e792385dc2c04e7b269b7107449c50ba0b0a1d571485de88fe60f119a9b0bfcafc0037efc7e63d66604ff52922e0e3137c28302c21316e28033189,15739.95
108,0x9997c954138a25a6adf3cc92f122e82a5c8cab3740edd4f66438330037c52ab3c0a27a6975b3b66dc4e676bc8c0cbf1b649333942b229638812d3227de72d2b3c4af209bd9e82512cc95fe8afbcf063ce906278842d7ad9852dc1a3e31fd1f842916c6c6b5bd4d782c6c8e1a8f03c7b35392949a58ee769ee399c04b624065fb,16227.18
109,0xc8114f3da2e37093efc17abdff3baf5178dc6740e7b6c5f3542c23da1fffee071071cb9da2ea4213c43ad026507dc956e0b30f4dd0d49149edb4794307dafe914df7d79c90ce7eedbc0dd32761f99ac0d91ce2ad846d10a89fea8a854fccedb45b480b35eaf57384fff5a59e83178db86af13e8cf933c6823ea59b28fe943f75,16087.56
110,0x3c4435c75bf4a311e742040e7eaf7502acf55733921609aa4b95defbdcfe5cb58803c7cb8b42afd6b1862d45b57ac78923fb49196c85de7ffc8241dbde6687763c1199d5f261fe564c50eb65898199ce3624f6258953d75533fc8558480dca0a78b21c44809682f99cb24ed7f0e30d3fb4f1ffedbb2672f5bfd2c0425f17cad3,15732.23
111,0x1c3f04f5c849c7fe8b655f577e3e113d67edd166bf44970a665716036f93e1011b18c2e8cc7bf98a62e16446ea4fd339e05dd36d66dc4c6dadd2de585a32dd5c1bea0f3bc0f14d738dcd31d7af665c2b82aab8a8cf42150c608efb17bed1eaa7d28a59591f141ded2cd5ea05048cc8cf5e08e477bdac6e821b0c75465f735098,15384.92
112,0x39145fc5d3f7c4c6777438db959d01a961f4c5ae8ee3ede5fd66200e0f289c2c7a910dcc0457c1249bfb41de7b5861097154e6224309877a68ddb240036a0290a865e1ba26a1ff2410f1cdef01ea87469592db6aa6c56cd31a4ab1cb61771396857118ae32759976a6a0cf5679db338584a43d3ce013bdf189aeec295e278400,15720.06
113,0xe344d19c1202d0eab0595a2dd5d09443d769b672725a9f07ff14273f5d5d7e5a0866d5c217e0993486b3694717f7996409ba8fe7d7879a5e425fa4c1dbe0c9c8c432b6fc3ff77105d34a0308c1d8ada5b536ec5a082a5f9d33fdd222209470230559825a1a1df094859a9ef368868fc366033e634cd41ae87695baf2e82a64a,16054.61
114,0xc2287db01d00c64eda300045b1abd6456879d1ceb014eff05a1cdfee5f83ada1c6eccae50a1a17579592f74cdf55ced126ae37ec9e5ec6ddce7ed39a79a751a2bbc3137d7d5cda86a13604d404f7d73d7471a5c045dbd743ad45bdd1ba4537231a5ac66b4169b39ab8117946268f34747cdad20a495e4774c72105eeace000ed,15908.26
115,0xcd4c77f1fc600fe64d146fc40a9c1386b981bc0b9bada9d9a211294f0e26425798acbc2e7099b8dfb11c17a72535b44eef6a99898823147918468e0a548aaf84b2de82901be4cabfcf156f4b3027f08d5d7b86193ec681b450cbea44ba4b478ddfdb32f2552a42fbf48f85cb71b12dddec0cdab387d9bc874498c0e67f335522,16182.75
116,0x83fe0fcb4429a087aa4e7bb8e7d2714ad314a4afe4207f3e1ce9ed26db36f6f72e52e6d88aaf94fe1663b35ef21cdfe733cbe81b860a3ca63c10f17684fa312372b50a8b9318915753149a714c77726d754521fd1ad27ab279df1f0f39727b05c20a95774004ba4124133d8fd3cbea6d37e5aacce217009da0cc1547b9707e97,16811.28
117,0x4204465d3775ad1bf257311a43aeebf8ad52ae40cfb3a69cadc8ccb4b35612d57163ddcb080946f4a4d9983e0cdfe28b1d4324f39763f4eeee8c17032ef91a7c7e0dbcfe7415c261d2e484b4c95176d270e3cb998d8c268fb7cb5a3d4c30ec276c6d3544ff122d2ba2801be1fa629e97dc967dfc35631debfc373de51059ebce,17201.17
118,0x180f30b02cdf01ca67a6a26970e67ec318d486b358fde5b30526626720c002d10df5f7589fd399dfcf0adf0ff00fb9f43ceea9a0b3b1f1692072ec3da4abfb6053656c2deb6757ea8b5ea2d65238cea20704c954f31ff396b4687de4ec334f0126c7d3ccd4eef8f0df4934966547e9f4c843694aa79fad5e97c54b59eeb9f50e,17190.0
119,0x104bb28e0d826c4d10817cf1efa36104f35335ef4ad277fa1de07a5c72efd27cdadee26491c7e57bcc001ca428d2caf09d3af60a8339b2c9956596e108e7b5074b74306f4d51f0c4621c0ecb0460c314db6f19fc712819e32fd5b644cd031fcca0d3a2aefbee0e457289a322f32928ab5318a3157333decae7cce7757b285a4,17505.56
120,0x7fbe8e30b38008eadc757e3dc65ddbb43ca79a7dbc49d6643143d2c5bd085bc27f01c03a0eab3386bf6f83242e8fa71905d8a8d37f81cef0f613163c1bf2afd12b10384bc341a84237f0f8bccb334828867e91e1b53b283ec352f721dda56e4723036ca6f8b6be49d5b567e9a0ffc4fe4fabbcf97fcae516a8ee6f3a88ac196d,18216.94
121,0x60929cf2347c70757d6f2e3b201a0a7c8f552610cf13de806b008caa0bcd3aa14763d9c3b35ec7fd95649daac579038d57260a54397abe83159b9a87cd10ea6569a0b680d8f8a8657c466150b7a2b4b4b1a6736aa5e49eb3a042f5098c541b4e29e76124f9ab2d58f46b45f3ae3fbc42edb2f4446f67ca0cee0efdb984c67806,17397.83
122,0x330937d985574aed3ca39e1a53cca3256d3880243ced97fa445912ea18a2e2960ea99c0f14e6df5b1a0441cb28b016dfa99cb755577a3d73ea50f6c8a6f140b2354e68fec8d347a8657cad337066381212f77e213cb370067aa759ef1cab57ebcc11d77faa82c99c102ee909e91bfbe253601f7ca088b2d344b30f868ae547e8,17139.61
123,0x307251fda75008e2e71081cdca390556d1091ffd021db9d8c69a610b3daa448f156f81c404a36c6d361caa4cb7ee897f04f69d1d3b66a62fefceb48dd01eb0b6d671f31a46a4140257ce483557f6e44563d8908ec430a32c13b7efcf726eef977c19e7f9095d38edc11ae8c183c5e6a6b7f815731275e738577f4accd5cc143e,16244.52
124,0x483270f3db00ad38e8a3f3ad72a58cd11358f5a2285df0b29f330e689e6b72d3ee91aeb46237703c5afff27e968d8b2d5e92d79833b1dcc423ba6a6aa29af95dc345e3b76f0d5e73954a4fa334989586ff6b518986a9b55d4cb8cbafd7a81872fcb066d8e6f7a5c1c41aadd7732b573808041b9db83c8ee5b88bde827f6b6939,15795.33
125,0x5e2a3d732641189259ce88da5e5042187b225f837c1b49a6ab5b2459d68c1c5dcc880f5ae31d261b9537d4ef3c5052ef797c7a9cd49336b03b8cc081c761c0e31ff3b46159a5e1810ff6b8fc641dab16dde2924eb9997ca48933877f30b8ef0572549374f45470145edf46e31cd36f9e89991100cd0926c9101f64c55a9c8fa2,17007.57
126,0x58c42f28bf5395f9155631858be1de364aa18af7235850909f6616a53cfa5df7739d2bf7871fdf51516ad8dfaf0420c13fc60d22fcf346e2fd136a317faa20aa55938f22b61b06201a7f424d666a5418b9c405eefdf5d5587c46b91ad77da69574c2e799f27086efaca9640e81b3d2a6b31b88c3eafb388f2ed7673f5f9fa45e,16443.12
127,0x7873254c93c3f29e26677299f2a3bb91c2448d74c1d5abedbe15bdab0bac45c7bb3e355a19d25b8b8ad61537872c77bfbac19b56df250ef7a2403995ff7a4890ecb48d4097f7a2cf3c36ef3e61b59f66576e0ff3c225c0a23ea9456f1ee044f260f10b80bafcf1a7bb7f2ac10cf8bcbe378444aed5e8921c5150eaa97cfe7e8a,16731.6
128,0x26851a33ed0a6a2733b7fb87aedf1d8fab9255cffd4b6e81d742f8949e96a3ccb8759a87260aa96b096d62dbd05ac226665ddd4062b990fcae16cd6a5cf111ff8f5c9ce7d16c96fa2c079f3d0983615f402e400d34c6d9eb9f7b4bbbbc41613f853d368e8c634e155b25c01f9544aaf98bac1b75f42f2ee58bbf6896fda5638a,16623.47
129,0x38031208b739b00ccfcce6282903d053d7fd34517029c41bf26f93cf6c648727a0a341666b03c9ad29de8ce62790eadc0c8bb5f64e3ac2576054feab6d66249b914b9206a7ac5fe3f442e2422bfad89b823e97e6594d20159fdc07ac6e4eef304235587ed6fabf5f9b975f627a5629bc060afa1e897ffce31d975425531b214a,16523.47
130,0xb1ee5b9b4c688dd74536a40c1ef9ce746dd80cc18c302353035dd05140850ac33993668f515bd8e2d63f97fb9dd412365c56f84c8729b9c95acaa30be02f10995103e7781cd7a04948d5ca9df8cb3c703adf831c849c3d129165404d975c9b84c6a85d019bc89f23b70749acbfd3fcf1ea04946bbae1a42b8c574219990faa6f,15866.36
131,0xba77a680b1a21fada6d906533f87b15aea6ab71161d9960572505109bcf00102e071371adc3d2317b2d232f214c6b4307d56f48df20e6f54325e4080aaaca3d0d750e420541981cd4204dba34276bdb2914363cd83679ed1436796103c855cf1a9c035daf312b0ee515a48cfb1ae21f55e0619b849ae1671b109c82cf150f3c1,16371.49
132,0xa34b82a53a5731e3b65da8870780f99472946278363874045b6874a6b22212fffe11271ced49810e0592a833eba1b1688448bcd34e731b2b15edcf0c185fa59e98aa4c4ce4a829d33f60da0c6886bbad4229e659cfd604f52fdb8abe5317c0fe1b913942fbe11bf57aa877f07bec85f6841efef17f8d43134741d9cc34148c53,16951.13
133,0x11d3ca2d4c3e159341ed2253e4098d00ae572c3f4a03d0c3e66237ced9ee69950a28e3efbfa39c99c4d9a9d3a7d173b2b839590a94367e58f7a6ce98323bf48f4b7e27c47b561449efdb76aaac9c0717e5d8abcf64df5e43ea26791fdd6e1183a823c93df8362035485a3adbc257900f359b78370a99068b09d246c11186c993,17290.4
134,0xbcd26544906f4f4107e63a828454b44f6525c0b00eeb7e2fb7ec16111bc67cdfd1dd2d92dba990ea62a6606bab65c514506b26c562e0e72c99c0bac485c197b10cff81a6e2f28883f413d99228ae66bde45cfa5ebb4d0ccf46e8e73109008fd1de1a609a4c654e1a873c4696ecad55e144425b717c5300debed90e8158cbdf0a,16183.11
135,0x24d63bb9991c3f6e2e48ee0331305cf1c85e2a5bcdeecac35b121b11ce7d5efd0286d3c70fdb1e913dc0879b3738b67b2b8bd3005f6012c5f155db66c3b5ad7ff13176c0a786bb7c1ac0d6460c7173c1cecab646bec3f3cad83cf18d5511dae354427d4f1df76307cf700a21791eb3b345c16eb15761299d963d6331edcade24,16544.9
136,0x17fa6326a6e643619f3e55f0c01329ac67c1cec54606aa1da317f566cb3777c6c59e2637ef08979eb257331ee0fdb33702a2af7ef3dd02ca13562ae52ecd80d89faf4911bbcdbe7794142bb59d45afd5c68f8768715eef56209310ce7a3990e993e038f4fbc20367323d170ad0279eba5196629697e4246378cd2f79cc731f1d,15866.86
137,0x6825a0624ca8f0d529442a86b06ebbaff111de9d8e6863dd689f255a38cacff1bd2563ecb4bdd3506a1f8c499ed1cf97c13a239329ac214220a0f400a3f78c429c0d1ebf5eae2afcc947723b369e7b2497d54872bdece5f2d8456341e04f6d8e34a43da7de832fbebadf175a9e424b213ccdff706b13df816caa4ff568154f8f,15717.96
138,0x3ca3025b2e15db87ebfc9cbbc560c55b96c12902945a70897555855541104b302d4438f189bba41ba2871c8899970f5af6c4c2a36cb6c8d05375805509cb70738bb1440f162251f936ba5c9b1c7b93afccdefab14f852aac574c423542482a7de84c29b71fd6cd874bd873134bbd9a4aaa53f3201adc116d540dbea12d01665e,15945.13
139,0x759ad3a40830869988c10aa59f8e1c6585a5952049499444e58e493b6925195e33be356b388801d813039e95420c64c8aa0d2f162d6effa71649ddacd80d3943ba600386709a4ac165afb970589217101ace8565c0c1ac399bf94adeaaf55b5a126c753df48381139c30bba30f7c780690a71f70062e26e55c879c6f6205e6f3,16043.93
140,0x11f8ce2a17e3145e2f100e2fcbc1a9ccb435d367f103bf29059515191b1bfde81a71f1458d708faa0fb1b241288dd6cbbe33aeb2589a7aa1c46f0ede2ad699cf5f72f21c4dee4afae134f97fb359ac40cd10b725ea8cd7d09fc51592983e9975212fccc0591cbef3b9d0a85f8ff92058099c950af4f8be6a2e8ac5a4d5d857bf,17069.97
141,0x60e0befeeb355ac7068ee06f9e7773aea50a1a45fda32d2ca8ed83fb58a768c9f84a1176d1e77f71899d37d6e0bb44d87b347f2fbd2e14d61fcf480daeab4724625038422d6410174cdbc1282b843c635315800cfec7da52e33d38fb75949617ed757d83075ca8ac9aacfdfa83eb76b2c5648d97ca4ec0ff6d151e4a50d3f318,16625.35
142,0x623ac6cf116687f7c32831480111d32a127ea94fbf7f65f322d2f13b103e21ae6413dd3b6c6d5cef08a79844bffd000ea9522c12f724fdcbab2d308f11d82500257abbf0d07fc599b91693b3ba6fda48773c6575414f54a22510ea5649ca443534d12aac3a3d29f6185959f84f9b2804f30ff38e38c196b94e0df59c38964447,16502.04
143,0x3b656eb55f81886e212fb2e380b56c72dc1c290ee333a514d77d778f1bc7b7f7903d486f79804198d75f05161bbc2b1646845fd1ff215a6683259429f865c5679a9f57e85496688b38b20a98021dadb1c5eebcabfe6727283396ddd3945a3fcee2a592ea3f0741e34e78ba384f23074993c781ba7ea32e8082fc9b47e12062a1,15861.6
144,0xc42199f23207099cdaff42fe176f4f49642b88f3e5b752d1426c2c54d5863d2648b4a620c44133589f3591aa498c37aa5df2852753b717caae7889709b6c753551b9b0afdef4d3e7535d2c0ac019a4c819750ab0b1fac367fe3f71168d86b2d635b48fbacfb80b934a4e3d8bca265ab14da590a715b884e29198566707d6a2da,16190.95
145,0x736f9794529815730910dfa56e797adb71175bbacb1385553ed12314ea33c29ae54bf3b97fbcf1a6c78ccdb7a1dcae7625458ed3dc3075e7aaa4bdc7b182a8b46b690130fed2e72fa6070be978dc99736f92a3ca19eb9e8bdfb1439795a83b6f2a2132ce4ab2199b70997ef7b37335d3ccf1f0d09282bee4dbe8b6d5c8b10af9,15845.33
146,0x31e1af39e198d3f6424f495f687af63afb4c2fe35bfad2e05361672a1815b1c5e574ed14b0361f2f1d6ef000fe742a5483f6d0c8f5e7f3e569fd4573e8c110b531abb3c9e24fff02c4bb827b2479c4d4d397cab3c93965976ece53a1ed3774a5b7c19ba72930e4ddb14db114c63033b0686a12b0c28028c78ad64ae1b6bfc6f1,16036.29
147,0x824f306d061bcb7bd6db33ce0f58b5fcaaeab0d59b02e60df71bf8075b47468de54b56308b87b55079c7d62a285af08c58f1833dcc98018b1a8c8f956d4c28439ea304802706a90fd0b7996c157acbd84b0e9f653e8a4f795651925f51b3acb385d46da2841f5bca265475f52bb71141a108f7a06642076185114cc98c67f072,15781.05
148,0xb88e0a00243abf96cc68a33be9606964fc613cbcf5521ebc19e9e5f451e0acdc14ebd5dc66fb0e0f23a69e4fc6512cdbf8e913e1e837345624a8d31a29a01d4c81a19240faf02c06da69c39df5750a074fd45efc2967f319da1c0742493b5d43d8ff3b5a19a8cd944e401e153d92408178cda00e8bc69a970de3eae97880f260,16318.52
149,0x7b66d3de6a12a71115f33a8f2c81f02d8c86154b3815dbde975123678c1c17a6f2e4c489f1c254b88dc3f87a2628816be0ec9ea8324676063a33d526dc2f77a670fc40f18fec5d644972a5aaa1718f13b3a6a02f8102ec8dbd430c8174a7506c6218a05a7ca50cdfff3bd7f6e3620bf56425efca88ec09e5b80d87a8e7a92547,16398.77
150,0x34b7c736609f58c07922f30460721a713c740b755b1c538b7cd9d1fd86d221033c93a4e1041a10c2a3a10ddf646e93e8f167420679132fdf424dbd0b3d1a01aac68f9fda5219a06e5386ed7db92c4b49d48be49e05beced903cdb55b086b1b80cf1b13d0550a65bb5d57f57df1458b480181fc11f775ba7a238644cc3240bb03,17425.71
151,0x6e3e163dc90229b26f12e0e55417c64b81c5e2701448ba611def482eefc5bd0fac06023cf83751da7075112efefd8ab517c6c4bc0637b79dcc0a94124b96a652cdf6c18981b68fcce95623e363f5e86a4da900e762b2d741173de7cc507161e7b9bfdb3d2df805b20542be1bc231d83434bf87a83fd58363960e03833a6e55e,16114.26
152,0x3ef206c5bd26e34b97e47b2aa0ed2fc3da15fe9852cc15fdeab3cd254f3f5b6e11b37c9ebabea62b8c363aed390680e4ffc0b7f440562c46135cb80110b63b293da1eaa673489cba3277f0b80e1e943d4e0d2898578d30836f5cd5759c28c338b41fda39744beecd5023ac768b4afe4850b5e925ba2e1200aea2497b4b31f9d6,17407.16
153,0x8bdbc4040c7de3f15672bae947850fef8aa2aee952ed37f1b9da785026cfd50986790e90f94222ebe4f6ab679339be743e561f086aad6de951f095463d1383be4cc4c17609c6fb4b77739e20430b99463d84a45d260c390eb7a4fbb6ba83c0bfedfc2e4f25295e488fb4aded3417aa54b5e343bc01e1a95c08fe64fd983de0f8,16689.63
154,0xc3351fa7ad421a8ef4083efea6547cc7ab6169d54f70acb48f5e5980e908a06a4b1decea8be6d72acb8d79f7b1c619bce60e12c8c692461f0414dea6c2e320a8837ac89f3a6666cabf8343043f0958ebec11a501fe40966b896a4974b38cb27d779de323073ea4762973d652165847b5f6fae74f2ed1f45bd854a05174bae7c1,17772.81
155,0x5963b9ca7db7cfa23bfc65ed53710ae2197c1cfcfb6366a7164a73c7edac1d888210fb125d482e8f3e66b20713125673314fb1f6cfa3d1893a9a9e067c52b66aa0babca2785ba966e9152b84825c8639e1e32db42c7679e85aef670362c0d9355892fc324357df38fb31ad996eaf95271d9c1246d55b1ea11addf8f4bd71c362,17828.07
156,0x656b8619b4211b9fa0e5ae17db3e21921d7e6759699a74cc812775246ef4a381ba85b4a7136ead90d0753e507552f7a39a20f3accd137bffa6db234d65f37a1da743ea1d780e3e012daa081a472f36f812e94388ad91afe86079f64ddfc1cbf147db028c53d22cfa89f2d4db8a9b44ad2064fdab31aa07bca4792ec8d15ce617,16785.16
157,0x5ce917bedf0360a7ada05c977c6df054ca167fa89c29b8a44cd739fca347b3f6bafa903787380ec208a4c16ba68116e6899a45266b4a5d4771cfe2aceab1825e648f4a505d906fab6148096522a45a4a50ecb048d28bd3422099ae3d72738aa924b5cb78797c4cee96612fa439e27c80c89c0c559a1db05c8d874bd6f49f119e,16563.75
158,0x80598956272d7b0b9701c2b71430d9e0b705a865e8e7cb93c8a37eac39b5d74f78892b0607339b5d36fa3f851758f07207348ad5b8b7aebda4d5a62c74b4ff7cb13c8baad5d5dbac20367ff99e3c6ca5323b579241eecc031c81a00e84072ed9d17b37d7a22fbde161cf1bc7fd5e295db8771804909429b4e6ad3e327279104f,17352.5
159,0xb95bbe69a940c7a6fb3563a471bcd220bf1289ed2631ab5a889ad5dafaadaa5195356798d31f2a2c0e19c2e1e0249d37664448f8e6d766d56a492f85da3bfca5f618c464cbce79c2fc85fb1207b4957a8fef4757c5e8f4b81ded98195cec387b82a39d6c960ea26e075e83ee9473d659947d1873fc1f52c3c1b9c71be065d10b,15660.72
160,0x6662fbd4deaa4d9660214095031308d08cbc4ab472fa317dcd89f947b7e15c664a0e7d4d30526313bb21da03991a60c1a07c56aac4f06b6b33ec8a9d3446982afa30b2ff49a5dbb6cfc6b3f9acf529cd327c64592d3fb3755179db7e4347ef7858e6361878453e6788806e80fd1c9f1d29874f631a9792e4268948671d7b56bd,15722.52
161,0x883c9c0e1a6d00167cc310186031944ab85246a536e6318e64dda0f2d058ac932d1eb5d5c46f695fbc6db7a28e6a5b208d6b002459a120812a826d44b3e2c98cc52c7a07495c58fb02145a27379cc957db31477e0bac1f5c997b45a5148bab701b18d2da44e71e8e9840d31d533d1efa80a907aeb5c2c5f043a841b553025e59,16065.06
162,0x44a65c45eb4f57c2b396dbc6195ca5aa1e975b69bf4f1184064bfea68aafb25dad463a55655e26fdefcc143d4db7489afb44be2dbdf6e4f865ede8df5dc56f91a805250662aa5424178ad085c8661e62d7b5f758eb246c20620092ef323409165ffa50e5586886675faac55cf9f36171227166839266c637c4bc3aa2b688c37d,15940.46
163,0x8281662e9bc3594d1bfc1087c4736000d94c3123c4615c9ec1a61a2fb2e6abb222adb1733ed96d745ffc31f039711d7b7a5330694dd6fde6774945db68a1fcd4a92f2f28a727ec859c2af3003ff69830e56a6908b09e00320491340fdc8a706295f6a89168ef7d3309cc3ea6ade2d3600fe065050e0fff9930ce69f4c2ec394c,15977.07
164,0x37ca4774c14488de8cfe2b210cdc5251c7885a18f271c0dfc253f333e30e85aa4b0c9282ca0f668d26634bb0b1e7ed9d3fa3312861f6b3199ca5ab4572a92c2a7e55a393ffaee2d21e3292c15b079394a51450302df78ae2fc556e45599de867a2b5e0903ef8a58da8d039ed2b134ea52907d7202713333b5025e9e92a8b8b9b,15984.81
165,0x4face3d142f67bdb2164dc26c8068ad886b0fdd61ce25ff525d7779d45954c8a0e1408faf1c7a07ebeee702effb8b6ec32571321b20d7872945966d22c64b617de95edda37f2b80b803885e50509eaf1dd0ffb1a510210c2c9f415e699091094649bd22a623a28a97fafcc594ec6787c42f4f4dbba780effe56ff08ad9d4dabb,15937.29
166,0x3425c56653985823bfffb1325e9c9464414b70d7ea97c5d54fc8e2cb27d3852140b37a7d9416fa92e8a17fbdce4b8be54600477c7dcd098b67118eadaf806e1be0a7cffd0969ac79d579b0d3a8605a15be6f812bfcabda169568d837037aaf5109f28011c46e2d475883fb6814cbf1f129180fd4cbdfd3509f08fd42ce645b36,16021.81
167,0x51b2970df993d04a55c9a7da944d77ec7e3531a611ef00e2b90fffe76bfa8f99ddf021919be308c4e91a147b584c8337431fa6881fa44b45cc890704227e047ed5f73e9798fed32f2092d74590c6375b58bd1631cec7030b48da565b8474cd4cac4644b0e67460ff81262942d5e7d3a1a5c98af4a486cb292868e3eb5ca560f,16165.26
168,0x7083d3fa8657e378103f3ed45eb7ce6ed75582a5031be741c7864d14e08e95543d3938b22bcc776d59a0a31004a1484b20e22c473c8367c8b53b8aee43189af5cd8e88880842619ff5f373026cae2a6075408a01950adec4bbb0612e62a1e9d93479cdbd3e90e0ce20d7ceb200ca1a102004f6922a6502f721259af882f86941,16272.39
169,0xb110a9965cc8f2a650ba164d9cc934720fd99a9139e537de5b75392739a46feb3e055108196c0faf0c5cc3ee50b8ecca7cdc6decfc447aa0414627e51be4f0e34aa36a63243933b26e1ec5ae088f2bac29c2c291915fdc9094e7137696fd15495d4caf9b29f9c5d7448e39560cef5101f26efe58862b2b12e8b277f31c05651,16537.76
170,0x421248ddf8d3ebc10467afabcdf928792e79cc20d04c4fb43116a93833b09a180e0136afb682b6a27fce0a213397e92a5265c25f2d1400dab2ec39b9ada1a48d09807c2b1d53645d5ea3fb58c7f3c91bdd74623dd20c3c786962b7df9327eab2e32aecf697aa2edd2dabcaf5ff6bf7f92a5e1543d25c177c57761d7d0333e4ee,15968.74
171,0x1c777634d61f8c12eb2d7287998e053377496a2d9fa316c74889b822f523747d61ed9a70d6e12a78412f593df6e6d9a70c76f89f71ebd05c16d0c028be797c1ede4870c964f7b3642508f4677c54498766f6adf42a4fc40e2fdb7f673607d059ad784b2266b3f58136f364732d142c9256a8ddfd85eefc6f0eaaa71c7dbca26a,16351.75
172,0x46975157428afa16ce6d2570a08e1f674bb909326d3c30085579fd12d13f041e1f82aa03409c4bbc81d75910300f91ebcb016248a2b8f02f2bb476f80d16bce32f5ae4c00d305bf01bee4fd9483dbc4bd48e315931eaf0950fc24bb9e19b07748fee8ebf8235faa9211db68b786774674c23d8cdf68dee0b5e1e01357cef52fb,17279.98
173,0x8d7530bf6cdc7100576b098602e1623263082c4b55ae42fdfd5f92fc8d80fce2f3f67766338a4ed3c23ab443344b76a17f7884e9e008709a0d923a86d60b7783dc32d5a8522a1b78517cf659e0cda361e0b0c48d1f72ca67f8218403bb4a46be4b049718b8e774afd8d7545da622c229c0f843f9d45ae486a72c19c51955e7f2,15750.4
174,0x94b315d65fad71789ce853e23e21e102a028d2d7c2898e9ac50215c2fe051a532df0a98e06fb4938f27442e109d3e86a6ab762819462aa10e1230cfb5c67555c0300c57e8285580070c53713f5f7ee09ba541b269cc80f53c2d4e5761de0dcaabb6129ed48115faee6c05bd19427ba4b006f68b62e06172b22c07574e034d047,17202.41
175,0x3260f306a73be44772099f634e52fa2cfbc02eff88fbc5684e2a6bc090263ee19c90d9d3970139ef6f732bc63251a56439f2c0e2ac9572cf302e40ad8c869cfda63d3c3f7c186d880a722728bb28b7fc4514b6d31ed7690b854aff9a7f800ad0db570f43a1ab62d326974337a4dff7bc9e87713f9a395e4c0060fd4a6a2556ea,15828.56
176,0x222d428e95fc3f41e5b9ad056b9c9eb1fddd7c366fc9a3a4e3fea6172892b25390764cd44a6dcad714623afd68422e637e1941e514ffee10f35f3b0d2bbce1aff2ad545e8a8b8b4354480bc907fe0edc11fe9b3304634bd06808ecd983a7123c465b21fa59cab839871732663043ca68ffbc47533c82f2e093ff2bb02a3fbfb0,16654.32
177,0xe22e27c0d636509df56956df47e9db391ed299e376a39e5bdac223b3a18232082a3d387ccdc8affeb80fb6495e52bbdc2281735c9726b9c64a7fb29baa54a7f931229e10dff788fc3ed0024526657826daa65cecf88c73aa1c53d7717d376f3fe47b8b5de6c7658cc2a7f62d9b50c83504e9b3d67531379bb9c8e2d8eeb2940,16114.22
178,0x28c767d4c058915b0dc90bf21ef57d514a51e2abac7332297945920e851991c171d8028b4defcd99bd5a34d5c42cd0025676e682a9bd536606d3d3dc37f60bf04a7d1791aedae0bf5bcf8f216330a3c9b1ebf3482cef535f9d882ddde496dd48c0335ad95ef1a422ef4a5be4559a71cc98f05eaf89f56352412b468bcd10024f,16118.2
179,0x24d16f493fe8f2651a822a209ac208c65a4dd976314d4daa7d3677e2bea42a3b5f79cc3b0538168b17b1a8137e33f20b69f3be550eb2ab3cdec237db700cc4eee9f8225fbb3d14e9aada8ecaf0ab1e0d6aa27b5b76320a485db383d0ed23c3e31cd0d34e8791319e299358cb58496502748ed4d39aa49d9ae8e39d55b805d804,16756.18
180,0x48e16e5da7415078eb9c7ce80fca1e302137e0645502e00f3f47debbc455882925ee9a973d593905a9076e0faa992b7ebeab189f5480d1c4b72aa29a6134aceb75bf919083e776a73cccc509e69d45b4af7e9a440be418460b0827f6b64dfd618037eb1e5f45f8dd33907f68892ea16befeeff2c372030442ce2c50e079a86e1,15989.25
181,0xb5e3d8c563f0cd19ada326f6dae778be71e0f6452b0641d3d62b4e46a3f3719c190e9ffd75408fc33012a5c1a3e2176182281ac36b52241da0eb7f5f61c485393aa785656c9d662a9f144413f2495024fbd39675fda874d8e87f4356e393501270762686d451dc91ee2ac9191dbf7d839a0885da164ad097a4f7853faa7613d6,16152.4
182,0x55a191d95a89d92e0682e42a9415b3e06c8f63683c1db00a1da84b0382d2394f78329db53d8f08a3d608c0f8b7fde9bcf918cea38e1ca0c707e92682c26293dc370eede17ba2eef06d8987426a27063486b30c5bf6628eff446759aab818b57e4d5cee9978c7e0431335fdeeb1cfe3e682cc8c81a93d908b67900cfeddd11aa3,16134.3
183,0x42cd8be2c9f8a1c0ec6a513e16aa9177bfd7fbd2e7578370c8831de42463b4b9cc247cd8c0701fb055ac1ade13d3533efd64b0bfea39ec8107a78078da6198ebc080ad2c2367461fef8a2cad3fb0f8b8940fb3acc7f948ef990793a2ee785567e67ed913ab95f7700d5c551079c96d6049453e82fe0b6f7ce563f8638defaae7,16463.59
184,0x60491cc32518a2da8f221065ce6fe90b1a20af495ee62755c80f537f6b5ad3eaef5accd80936892414056726a4bf88aad7d40c105012a20ac87b954dd141e0c25b3990ddcd40397a1d37cf8f53f0db466135d9ac7373224be56989cf9fb4cb14fec0f76c6f91f961a861ad0d644a53f98c32aed05c2d22ea91a14ba3ce243305,16033.69
185,0xc78f033bc19aa31544b90876c2d8782baf7f5956581e13a2e30674417903b355c936aaa116fdb66b7e6c7040e36d32f8a422f393b1f07741950b287482c90108341eba16afd397f02a5aff394fc7596b7d25f6c3985b9627fefb5935a7536fa7442fb1318351684c8ae766c8ba8e6e44b448efa33e7da14d728a0a93a9ee4448,17729.12
186,0xa9305e570aa53afc924574908d61488da8452e01e37294d85e173d95ddbd2440d37264b54e501979872d1f5388079a9bb29b9d91177c27e08d9ee88e3b5a01f450db0ca51cabfa63bd52881a9959c73e31131ea8f1267eabb86885725f245a48919c286cab5ff07e281f343adfe2387fea2c9b9b28f0c6f36cfde4453011e6ee,16598.6
187,0xcba18d9130e923896e5e9beb71bdc7b93b13cc0a9339c3592c12ae5a9b336520e296d1d0b56fb13dc5e386ac79c1801c3de66a75010379757b3fdbc66692c2bd2798dbee95401b99e85416cc91117e9588d17bd966f4df1bb0d754571c918928f0f72540f3e9320025c5b946f0bb17cd36cd1e3cd4d60c93ba2fb3477063559,19276.72
188,0x759dcc8fa05492fdb3c5806b37faace70f8e076410734013578c76a0b72e0a56780065e9930b1b72616e29e70e99e4d02aaba76f209730308736e78fa1f5bbef506dbeccd24afd05eb0dba78396688c514c45f8fa7f6e1a29736e2ade8eb376600b2bd2d18109efe723f6839193e8b9ac1269dfb1b1924e0056db1d25729cf8,17580.69
189,0x8617ae3c5d2068049259eaade8a84c67aeb19047cbf775638a90c7feb7597bf5958849fdf4416180783b6f4ebebcb08082649c5858236d8eb1d972d2084c686805104095fa72002a36e161ab5abc0a259cbf7cd218d52dd3268cdaeca32d18a1994a25c8ce44099819fb5141251189309aadc0e400ab537370f66010140768ed,17187.87
190,0x497d9cc6c42715d38c0d6896d55ff1e1615a4843a8877e76f6519ce06667867b798992d188520d5de619d20a9817fd2b535d289c31a3371111e1029a46e8c0ff5adcb5d6b505a5109db941a376a0ebc12e7aadc5e523097abb54a83344ee730871de2fbd8ea6750de182b1c50f5e7ca7edb98d10b54e8708abb9253a4e54013e,16248.14
191,0xa56af1a5f52d95d46bf17e00a52eb8da96d2e95245e70ac5b31466289ec9a7016e44dd920d8737207792888c20630c5e58a77dfb299200636d228199368662a59478dee916ef1d40deed4a188fc9de573b43d966688ba01cf4f4eea79d8afd061b044967fa4d9d2f8fab5529081647120e359ca9d415c4c61132af9c3c1158da,16488.64
192,0x3abd4f9430f83bbfaa804b2a339b592c5bd9d18b303abf65e2437deb2795bd50d1c3ca72c958af637f884188d83b7c2e3cefef9ce5e27a6dd0dd459f58149b62b249538a522177d0d78cc0882138ad4a4c768959bd009e2c78a2c2d4e8f9e38b6d0b27e5bc80e3c946f98dfb92d8f9f23e0715e691d876f1ff01ab372ac48572,16295.27
193,0xaa602bcc524f70cc676bf65a72830958e4019f26fb7d4eee6f52a23f6f0e7b1353eab13689ed2054d098a51961d831378d6b3c9ea088805cd0970129123e416ccd21717c0765cf4199f73dda3a01ccb6d4f9fc4be1be403f5529f6c78b04802ebaaab16020e45af34696e5e8eb4086c871af494cd999d5fb718df0430eb15c80,16152.0
194,0x97dff1445ee284224dc12381a874b8cf0085a715defe3e53436f1c05ff2aca9bd1c96e46f4bfd8289cd0cddd886ba50343bed12128c2e28a3c261f866bb96349f9c707131651d07d21ce58692e40485a6225cbf771edfe4bb102d864a7d9448082258daf35936b9b99bc656befcca6490387b3b26cf4973bce05ec6443b62b89,15995.51
195,0xaa4e30c3a6cd8d95e2b7cd95396eaed938c15606985d48288ebee10ce5f7edf2b650d71d62b78596b4965d8dc4c8bcac952f570a7c13ef9a4b335558d7bf952d9a7a1060da4bb9d2023ae9351af7d2673d53daf2244606821be33bea307803499107e440f2da53115e31b073eaa5b4e86c7502f4d920b549db89c8e570d783fe,16000.09
196,0xa522ff7a37c0470226b50fe936c7729c7d4224e9c42531af0f76f0e67fe05cafba60906bb9e7314cd4afda10e4e9c709f4eb7f8095d97c5f1d5608bab529ebaf23411ad27a6faad48bc028f0d9c5943703e361adf30fea8615750bc784b150b5bbdc7700aa6edeea860970638bb113c0b2ae84cc3e684ec8d06b6b94484bb8f1,16345.77
197,0x60b63ae7ad540565b3e297eeb49f23b4b6f17f0fa6d7b6c8ecf0c654d90a7725e75184aa1a0956ab332a133d99fbd0ae7dfe1228a69231950a6e3be4e3f1fd96c4e17ef7d17376004800a1d2ba7ba4f18486e9aa4e3a44052ab6bfb6e757ae6d9e7fa09f91e3c8bcff3c305eab96b0ca6015963ad565eb845ef1e7fe6e0cf78,16221.2
198,0x2ae6858c721264840aa2c6d2256cd294821deea65e2f0588543568151cb08be9d04db9aead7a5901baa1912d10ebe3627bfaf58c3850f04f79630d6190748f3f57ff51f7e0a7bda47d9ea4c4adec2f6f8902530c9435b6ffddb24afe426f0324d11be0cf765bb24458e54813d9682e2d6af66cc484228c021af9ac5fc0a9bd60,15881.97
199,0x5c9497045da6a8851457ca72a93a7c6cbfbecd0d59e2f6084690ace2894dd4a016868b7491951eec9b778671252decb2f46c12f6ed411ed1d6a4ba93c1088b2428f76c935385ec728a76750adc8408923bde84c86743a860254271f9894f72f0aabb035a035f3bef55abdf2d28144e19939bf0ab606ced80022ea730d5058351,15846.18
